{
   "coupling_params": {
      "element_set_to_couple": "Part1",
      "participant_name": "MuscleContraction",
      "config_file_name": "../precice_config.xml",
      "read_mesh_name": "MuscleContractionMesh",
      "read_data_name": [
         {"type": "variable", "febio_class_name": "FEDiscreteMaterialPoint", "name": "Gamma", "mapping_name": "Gamma", "febio_type": "double", "precice_type": "scalar"}
      ],
      "write_mesh_name": "MuscleContractionMesh",
      "write_data_name": [
         {"type": "variable", "class_type": "materialPoint", "febio_class_name": "FEMaterialPointArray", "name": "Geometry", "mapping_name": "Geometry", "febio_type": "vector<double>", "precice_type": "vector"}
      ]
   }
}
